firstname,lastname,gender,email,phone,grade,school
Lewis,Hamilton,M,LewisHamilton@gmail.com,866-410-0458,1,1
Nick,Heidfeld,F  ,NickHeidfeld@gmail.com,619-840-7262,5,4
Nico,Rosberg,M,NicoRosberg@gmail.com,626-691-9090,3,2
Fernando,Alonso,M,FernandoAlonso@gmail.com,877-218-8361,9,7
Heikki,Kovalainen,M,HeikkiKovalainen@gmail.com,877-705-6767,11,10
Kazuki,Nakajima,F,KazukiNakajima@gmail.com,541-826-3147,12,14
Sabastien,Bourdais,F,SabastienBourdais@gmail.com,484-938-8231,10,1
Kimi,Raukkinenen,M,KimiRaukkinenen@gmail.com,601-553-0515,K,1
Robert,Kubica,M,RobertKubica@gmail.com,763-307-5755,JK,5
Timo,Glock,M,TimoGlock@gmail.com,818-666-4016,K,1
Takuma,Sato,M,TakumaSato@gmail.com,214-793-1666,K,6
Nelson,Piquet Jr.,F,NelsonPiquet Jr@gmail.com,281-808-2308,K,6
Felipe,Massa,M,FelipeMassa@gmail.com,204-654-2858,K,6
David,Coulthard,M,DavidCoulthard@gmail.com,941-467-3194,K,7
Jarno,Trulli,M,JarnoTrulli@gmail.com,803-486-2467,K,7
Adrian,Sutil,M,AdrianSutil@gmail.com,708-292-6194,8,5
Mark,Webber,M,MarkWebber@gmail.com,530-921-4207,7,5
Jenson,Button,F,JensonButton@gmail.com,617-861-9130,2,5
Anthony,Davidson,F,AnthonyDavidson@gmail.com,610-197-5780,3,5
Sebastian,Vettel,M,SebastianVettel@gmail.com,404-491-7274,1,19
Giancarlo,Fisichella,F,GiancarloFisichella@gmail.com,307-308-6953,5,18
Rubens,Barrichello,M,RubensBarrichello@gmail.com,360-843-2006,8,17
Ralf,Schumacher,M,RalfSchumacher@gmail.com,508-485-9960,7,16
Vitantonio,Liuzzi,F,VitantonioLiuzzi@gmail.com,305-823-2345,5,16
Alexander,Wurz,M,AlexanderWurz@gmail.com,570-595-2777,9,10
Scott,Speed,M,ScottSpeed@gmail.com,206-823-3345,8,14
Christijan,Albers,F,ChristijanAlbers@gmail.com,718-687-3174,2,13
Markus,Winkelhock,M,MarkusWinkelhock@gmail.com,502-242-0892,8,14
Sakon,Yamamoto,F,SakonYamamoto@gmail.com,779-203-9988,11,1
Michael,Schumacher,F,MichaelSchumacher@gmail.com,212-465-9832,1,4
Juan,Pablo Montoya,M,JuanPablo Montoya@gmail.com,610-743-3242,11,1
Christian,Klien,M,ChristianKlien@gmail.com,305-916-3490,11,7
Tiago,Monteiro,M,TiagoMonteiro@gmail.com,201-285-8120,10,7
Yuji,Ide,F,YujiIde@gmail.com,201-857-9080,10,6
Jacques,Villeneuve,F,JacquesVilleneuve@gmail.com,317-435-1937,12,6
Franck,Montagny,F,FranckMontagny@gmail.com,213-761-7935,1,1
Pedro,de la Rosa,F,Pedrode la Rosa@gmail.com,301-219-9872,12,1
Robert,Doornbos,M,RobertDoornbos@gmail.com,530-389-5543,8,5
Narain,Karthikeyan,F,NarainKarthikeyan@gmail.com,954-688-4664,9,6
Patrick,Friesacher,M,PatrickFriesacher@gmail.com,901-300-7443,6,7
Ricardo,Zonta,F,RicardoZonta@gmail.com,305-203-5347,5,5
Antanio,Pizzonia,M,AntanioPizzonia@gmail.com,404-220-7215,8,6
Cristiano,da Matta,M,Cristianoda Matta@gmail.com,858-277-7503,9,7
Olivier,Panis,F,OlivierPanis@gmail.com,407-602-8902,8,5
Giorgio,Pantano,M,GiorgioPantano@gmail.com,774-204-6255,5,6
Gianmaria,Bruni,M,GianmariaBruni@gmail.com,512-717-5666,2,7
Zsolt,Baumgartner,M,ZsoltBaumgartner@gmail.com,646-589-0698,8,5
Marc,Genao,F,MarcGenao@gmail.com,301-274-6016,6,6
Heinz-Harald,Frentzen,F,Heinz-HaraldFrentzen@gmail.com,953-232-4956,8,7
Jos,Verstappen,M,JosVerstappen@gmail.com,303-250-5238,6,5
Justin,Wilson,M,JustinWilson@gmail.com,262-206-9238,5,6
Ralph,Firman,F,RalphFirman@gmail.com,312-509-9187,6,7
Nicolas,Kiesa,F,NicolasKiesa@gmail.com,801-877-5468,9,12
Luciano,Burti,F,LucianoBurti@gmail.com,610-743-4769,6,14
Jean,Alesi,M,JeanAlesi@gmail.com,319-984-4006,3,12
Eddie,Irvine,F,EddieIrvine@gmail.com,209-362-3854,5,14
Mika,Haukkinen,F,MikaHaukkinen@gmail.com,313-327-3063,4,12
Tarso,Marques,M,TarsoMarques@gmail.com,240-394-6009,11,14
Enrique,Bernoldi,F,EnriqueBernoldi@gmail.com,876-309-6620,1,12
Gastan,Mazzacane,M,GastanMazzacane@gmail.com,215-405-2385,1,14
Tomaiai,Enge,M,TomaiaiEnge@gmail.com,321-221-8279,12,12
Alex,Yoong,F,AlexYoong@gmail.com,509-233-4023,1,14
Mika,Salo,M,MikaSalo@gmail.com,254-522-7532,6,13
Pedro,Diniz,M,PedroDiniz@gmail.com,718-713-6547,1,13
Johnny,Herbert,M,JohnnyHerbert@gmail.com,844-952-0909,K,14
Allan,McNish,F,AllanMcNish@gmail.com,610-743-3242,K,16
Saobastien,Buemi,M,SaobastienBuemi@gmail.com,760-262-0093,K,16
Toranosuke,Takagi,F,ToranosukeTakagi@gmail.com,718-887-9034,K,16
Luca,Badoer,M,LucaBadoer@gmail.com,919-335-6205,K,16
Alessandro,Zanardi,F,AlessandroZanardi@gmail.com,786-405-0898,K,16
Damon,Hill,F,DamonHill@gmail.com,610-743-3242,K,19
Staophane,Sarrazin,M,StaophaneSarrazin@gmail.com,813-701-3641,K,19
Ricardo,Rosset,F,RicardoRosset@gmail.com,315-215-4553,K,19
Esteban,Tuero,F,EstebanTuero@gmail.com,872-240-8540,K,19
Shinji,Nakano,M,ShinjiNakano@gmail.com,850-254-0911,K,19
Jan,Magnussen,F,JanMagnussen@gmail.com,843-788-9580,K,19
Gerhard,Berger,F,GerhardBerger@gmail.com,201-857-9080,8,19
Nicola,Larini,F,NicolaLarini@gmail.com,571-210-6599,6,19
Ukyo,Katayama,M,UkyoKatayama@gmail.com,858-900-3090,3,18
Vincenzo,Sospiri,M,VincenzoSospiri@gmail.com,310-294-3744,7,7
Gianni,Morbidelli,F,GianniMorbidelli@gmail.com,216-323-2314,7,11
Norberto,Fontana,F,NorbertoFontana@gmail.com,320-207-5633,7,11
Pedro,Lamy,F,PedroLamy@gmail.com,877-290-1033,7,11
Martin,Brundle,M,MartinBrundle@gmail.com,347-926-7311,7,8
Andrea,Montermini,F,AndreaMontermini@gmail.com,281-710-0042,1,9
Giovanni,Lavaggi,F,GiovanniLavaggi@gmail.com,516-635-4085,2,8
Mark,Blundell,F,MarkBlundell@gmail.com,984-244-5428,3,17
Aguri,Suzuki,M,AguriSuzuki@gmail.com,518-289-0758,4,17
Taki,Inoue,F,TakiInoue@gmail.com,805-534-0853,5,17
Roberto,Moreno,M,RobertoMoreno@gmail.com,920-249-8224,6,13
Karl,Wendlinger,M,KarlWendlinger@gmail.com,816-679-9285,7,8
Bertrand,Gachot,M,BertrandGachot@gmail.com,925-418-3259,8,4
Domenico,Schiattarella,F,DomenicoSchiattarella@gmail.com,800-268-3486,9,5
Pierluigi,Martini,M,PierluigiMartini@gmail.com,217-472-4120,10,6
Nigel,Mansell,M,NigelMansell@gmail.com,765-309-2437,11,7
Jean-Christophe,Boullion,F,Jean-ChristopheBoullion@gmail.com,917-282-8336,12,7
Massimiliano,Papis,F,MassimilianoPapis@gmail.com,917-282-8336,1,4
Jean-Denis,Daoiaotraz,M,Jean-DenisDaoiaotraz@gmail.com,323-809-1112,2,19
Gabriele,Tarquini,M,GabrieleTarquini@gmail.com,702-500-0893,3,19
Arik,Comas,M,ArikComas@gmail.com,888-769-3267,4,19
David,Brabham,M,DavidBrabham@gmail.com,800-993-8762,5,16
Ayrton,Senna,M,AyrtonSenna@gmail.com,404-341-5805,6,16
Aric,Bernard,M,AricBernard@gmail.com,801-545-1800,7,16
Christian,Fittipaldi,M,ChristianFittipaldi@gmail.com,203-405-9858,8,16
Michele,Alboreto,F,MicheleAlboreto@gmail.com,512-308-2424,9,16
Olivier,Beretta,F,OlivierBeretta@gmail.com,931-253-1002,10,16
Roland,Ratzenberger,M,RolandRatzenberger@gmail.com,214-484-0848,11,16
Paul,Belmondo,M,PaulBelmondo@gmail.com,713-502-4701,12,16
Jyrki,Järvilehto,M,JyrkiJärvilehto@gmail.com,845-302-1656,3,16
Andrea,de Cesaris,M,Andreade Cesaris@gmail.com,206-451-5358,2,16
Jean-Marc,Gounon,F,Jean-MarcGounon@gmail.com,716-404-9724,1,16
Philippe,Alliot,F,PhilippeAlliot@gmail.com,339-205-1412,6,16
Philippe,Adams,F,PhilippeAdams@gmail.com,213-221-6237,5,16
Yannick,Dalmas,M,YannickDalmas@gmail.com,877-273-7626,4,16
Hideki,Noda,M,HidekiNoda@gmail.com,918-935-0374,9,16
Franck,Lagorce,M,FranckLagorce@gmail.com,925-997-7732,8,16
Alain,Prost,F,AlainProst@gmail.com,480-685-9689,7,16
Derek,Warwick,M,DerekWarwick@gmail.com,142-370-5463,11,16
Riccardo,Patrese,M,RiccardoPatrese@gmail.com,718-713-6547,10,1
Fabrizio,Barbazza,F,FabrizioBarbazza@gmail.com,213-973-6402,12,1
Michael,Andretti,F,MichaelAndretti@gmail.com,803-619-6014,7,1
Ivan,Capelli,F,IvanCapelli@gmail.com,925-997-3175,8,1
Thierry,Boutsen,F,ThierryBoutsen@gmail.com,660-324-6019,9,1
Marco,Apicella,F,MarcoApicella@gmail.com,718-713-6547,10,1
Emanuele,Naspetti,F,EmanueleNaspetti@gmail.com,252-643-4753,11,1
Toshio,Suzuki,M,ToshioSuzuki@gmail.com,610-657-1765,12,1
Maura�cio,Gugelmin,M,Maura�cioGugelmin@gmail.com,812-265-4262,3,1
Eric,van de Poele,M,Ericvan de Poele@gmail.com,518-418-7004,2,1
Olivier,Grouillard,M,OlivierGrouillard@gmail.com,732-307-5178,1,1
Andrea,Chiesa,F,AndreaChiesa@gmail.com,214-699-5859,6,1
Stefano,Modena,F,StefanoModena@gmail.com,216-323-2314,5,1
Giovanna,Amati,M,GiovannaAmati@gmail.com,815-387-9400,4,1
Alex,Caffi,M,AlexCaffi@gmail.com,559-236-3191,9,1
Enrico,Bertaggia,M,EnricoBertaggia@gmail.com,615-555-4755,8,1
Perry,McCarthy,M,PerryMcCarthy@gmail.com,205-490-7464,7,1
Jan,Lammers,M,JanLammers@gmail.com,551-482-3149,11,1
Nelson,Piquet,M,NelsonPiquet@gmail.com,610-743-3242,10,1
Satoru,Nakajima,F,SatoruNakajima@gmail.com,727-919-2344,12,1
Emanuele,Pirro,M,EmanuelePirro@gmail.com,412-219-6645,7,1
Stefan,Johansson,F,StefanJohansson@gmail.com,330-423-0403,8,1
Julian,Bailey,M,JulianBailey@gmail.com,334-440-8460,9,5
Pedro,Chaves,F,PedroChaves@gmail.com,313-355-5681,10,5
Michael,Bartels,F,MichaelBartels@gmail.com,618-855-1094,11,6
Naoki,Hattori,F,NaokiHattori@gmail.com,585-865-5238,12,5
Alessandro,Nannini,M,AlessandroNannini@gmail.com,509-233-4064,3,5
Bernd,Schneider,F,BerndSchneider@gmail.com,610-743-4769,2,6
Paolo,Barilla,F,PaoloBarilla@gmail.com,904-282-0880,1,6
Gregor,Foitek,M,GregorFoitek@gmail.com,719-280-0195,6,6
Claudio,Langes,F,ClaudioLanges@gmail.com,888-263-4369,5,6
Gary,Brabham,M,GaryBrabham@gmail.com,331-214-0491,4,6
Martin,Donnelly,F,MartinDonnelly@gmail.com,619-981-7899,9,6
Bruno,Giacomelli,F,BrunoGiacomelli@gmail.com,204-784-9423,8,6
Jaime,Alguersuari,F,JaimeAlguersuari@gmail.com,201-210-5099,7,6
Romain,Grosjean,M,RomainGrosjean@gmail.com,206-681-9680,11,7
Kamui,Kobayashi,F,KamuiKobayashi@gmail.com,912-234-6652,10,7
Jonathan,Palmer,F,JonathanPalmer@gmail.com,612-282-8385,12,7
Christian,Danner,M,ChristianDanner@gmail.com,610-743-4769,7,7
Eddie,Cheever,F,EddieCheever@gmail.com,714-455-1321,8,7
Luis,Paorez-Sala,F,LuisPaorez-Sala@gmail.com,910-716-0075,9,7
Piercarlo,Ghinzani,M,PiercarloGhinzani@gmail.com,209-362-3854,10,7
Volker,Weidler,F,VolkerWeidler@gmail.com,206-823-3346,11,7
Pierre-Henri,Raphanel,M,Pierre-HenriRaphanel@gmail.com,515-577-4227,12,14
Renao,Arnoux,F,RenaoArnoux@gmail.com,201-678-0595,3,14
Joachim,Winkelhock,F,JoachimWinkelhock@gmail.com,410-246-5455,2,14
Oscar,Larrauri,M,OscarLarrauri@gmail.com,201-285-1838,1,14
Philippe,Streiff,F,PhilippeStreiff@gmail.com,860-628-9383,6,14
Adriain,Campos,M,AdriainCampos@gmail.com,610-743-4769,5,14
Jean-Louis,Schlesser,F,Jean-LouisSchlesser@gmail.com,323-251-2339,4,14
Pascal,Fabre,F,PascalFabre@gmail.com,716-442-3215,9,14
Teo,Fabi,F,TeoFabi@gmail.com,440-519-6716,8,14
Franco,Forini,F,FrancoForini@gmail.com,646-456-3355,7,14
Jacques,Laffite,F,JacquesLaffite@gmail.com,216-487-7014,11,14
Elio,de Angelis,F,Eliode Angelis@gmail.com,720-370-7588,10,14
Johnny,Dumfries,M,JohnnyDumfries@gmail.com,234-425-9085,12,14
Patrick,Tambay,M,PatrickTambay@gmail.com,213-141-5163,7,14
Marc,Surer,F,MarcSurer@gmail.com,614-263-1200,8,14
Keke,Rosberg,F,KekeRosberg@gmail.com,717-409-1057,9,14
Alan,Jones,M,AlanJones@gmail.com,859-846-5238,10,14
Huub,Rothengatter,F,HuubRothengatter@gmail.com,610-743-3242,11,14
Allen,Berg,M,AllenBerg@gmail.com,877-366-8828,12,14
Manfred,Winkelhock,F,ManfredWinkelhock@gmail.com,616-383-9186,3,14
Niki,Lauda,F,NikiLauda@gmail.com,972-666-8436,2,14
François,Hesnault,F,FrançoisHesnault@gmail.com,505-443-1997,1,14
Mauro,Baldi,F,MauroBaldi@gmail.com,215-398-2500,6,14
Stefan,Bellof,F,StefanBellof@gmail.com,616-558-6447,5,14
Kenny,Acheson,F,KennyAcheson@gmail.com,585-225-5659,4,14
John,Watson,M,JohnWatson@gmail.com,585-203-9275,9,14
Johnny,Cecotto,M,JohnnyCecotto@gmail.com,402-672-8871,8,13
Jo,Gartner,M,JoGartner@gmail.com,847-829-0396,7,13
Corrado,Fabi,M,CorradoFabi@gmail.com,281-710-0089,11,13
Mike,Thackwell,M,MikeThackwell@gmail.com,442-200-6227,10,13
Chico,Serra,F,ChicoSerra@gmail.com,708-862-5489,12,13
Danny,Sullivan,M,DannySullivan@gmail.com,727-895-1181,K,1
Eliseo,Salazar,F,EliseoSalazar@gmail.com,844-510-1807,K,1
Roberto,Guerrero,F,RobertoGuerrero@gmail.com,972-296-4031,K,1
Raul,Boesel,F,RaulBoesel@gmail.com,703-348-4951,K,1
Jean-Pierre,Jarier,M,Jean-PierreJarier@gmail.com,763-307-5755,K,19
Jacques,Villeneuve Sr.,M,JacquesVilleneuve Sr.@gmail.com,732-444-9815,K,19
Carlos,Reutemann,F,CarlosReutemann@gmail.com,360-763-3236,K,19
Jochen,Mass,M,JochenMass@gmail.com,914-215-3196,JK,5
